{
    "id": [
        1,
        2,
        3,
        4,
        5,
        6,
        7,
        8,
        9,
        10,
        11,
        12,
        13,
        14,
        15,
        16,
        17,
        18,
        19,
        20,
        21,
        22,
        23,
        24,
        25,
        26,
        27,
        28,
        29,
        30,
        31,
        32,
        33,
        34,
        35,
        36,
        37,
        38,
        39,
        40,
        41,
        42,
        43,
        44,
        45,
        46,
        47,
        48,
        49,
        50,
        51,
        52,
        53,
        54,
        55,
        56,
        57,
        58,
        59,
        60,
        61,
        62,
        63,
        64,
        65,
        66,
        67,
        68,
        69,
        70,
        71,
        72,
        73,
        74,
        75,
        76,
        77,
        78,
        79,
        80,
        81,
        82,
        83,
        84,
        85,
        86,
        87,
        88,
        89,
        90,
        91,
        92,
        93,
        94,
        95,
        96,
        97,
        98,
        99,
        100
    ],
    "coord": [
        [
            40.467816894966845,
            -3.6955385208645937
        ],
        [
            40.39403256582652,
            -3.7166339769079983
        ],
        [
            40.41639042392893,
            -3.6667519725167708
        ],
        [
            40.432885593745375,
            -3.6730251077486256
        ],
        [
            40.39696314111308,
            -3.6910609948868682
        ],
        [
            40.450160929504136,
            -3.674144245399266
        ],
        [
            40.37943750031564,
            -3.6905451842113193
        ],
        [
            40.43326707845554,
            -3.7026562219243724
        ],
        [
            40.43432184712456,
            -3.7177504399055765
        ],
        [
            40.412972243448465,
            -3.704805145474433
        ],
        [
            40.42897206823083,
            -3.7077924155766557
        ],
        [
            40.40933602641202,
            -3.6779039998883856
        ],
        [
            40.436856097736694,
            -3.697755024602266
        ],
        [
            40.45114856238159,
            -3.6952573683846106
        ],
        [
            40.38950269004072,
            -3.725313513095733
        ],
        [
            40.4102612955757,
            -3.6775171863239824
        ],
        [
            40.40065705474461,
            -3.7371093676922404
        ],
        [
            40.411075295925706,
            -3.718364641192044
        ],
        [
            40.40818375124219,
            -3.750492164563907
        ],
        [
            40.4109637117547,
            -3.712726439571456
        ],
        [
            40.41671139882954,
            -3.6597228179493135
        ],
        [
            40.40915679473528,
            -3.7104274610809163
        ],
        [
            40.38032141684537,
            -3.6944136986893317
        ],
        [
            40.3978562889383,
            -3.6788473496535326
        ],
        [
            40.453955798973496,
            -3.6703205857651016
        ],
        [
            40.38714987412323,
            -3.668922292076176
        ],
        [
            40.383763314141525,
            -3.7434821166716614
        ],
        [
            40.44723271460655,
            -3.677840014046337
        ],
        [
            40.41373200103308,
            -3.7360277646871145
        ],
        [
            40.424061341022615,
            -3.684808564907606
        ],
        [
            40.414690663056454,
            -3.692945193373469
        ],
        [
            40.412264027602966,
            -3.7115833593911596
        ],
        [
            40.41596671043659,
            -3.69578826969786
        ],
        [
            40.44753014494591,
            -3.723901115975274
        ],
        [
            40.422671665310105,
            -3.734464075295571
        ],
        [
            40.414134169823015,
            -3.7141317334501154
        ],
        [
            40.424586742139134,
            -3.7213636422216716
        ],
        [
            40.399538482628685,
            -3.698318502516876
        ],
        [
            40.40277629915282,
            -3.689464461784013
        ],
        [
            40.411551475812765,
            -3.7037302749792183
        ],
        [
            40.42843280853376,
            -3.715027465046389
        ],
        [
            40.37675694719922,
            -3.719094730578047
        ],
        [
            40.4280423664596,
            -3.749884799671105
        ],
        [
            40.3993975987935,
            -3.6826233975479146
        ],
        [
            40.394242648490405,
            -3.6596286297724805
        ],
        [
            40.41055432570009,
            -3.7046050502557817
        ],
        [
            40.38995829367364,
            -3.725815604821472
        ],
        [
            40.40736572447852,
            -3.718625991993559
        ],
        [
            40.457749668476644,
            -3.675513261613423
        ],
        [
            40.38615746144729,
            -3.691399595920983
        ],
        [
            40.44356583869694,
            -3.7110063796611814
        ],
        [
            40.410885508157264,
            -3.703019234077782
        ],
        [
            40.435559620750894,
            -3.6911909535314544
        ],
        [
            40.39792767993696,
            -3.690535978024539
        ],
        [
            40.414467535109814,
            -3.6969982652692703
        ],
        [
            40.44203658496081,
            -3.7054192147215903
        ],
        [
            40.390903343153276,
            -3.7524503956756767
        ],
        [
            40.374515937555365,
            -3.7041315275411035
        ],
        [
            40.42786883928218,
            -3.7249958802160537
        ],
        [
            40.42708154803951,
            -3.7084342746310046
        ],
        [
            40.38899966835842,
            -3.702773111197607
        ],
        [
            40.44246732514286,
            -3.7072410881735323
        ],
        [
            40.41444284444517,
            -3.6900477605935715
        ],
        [
            40.41814266446022,
            -3.7193927203283015
        ],
        [
            40.43883348754277,
            -3.7291899710350185
        ],
        [
            40.426846238773926,
            -3.699735605439541
        ],
        [
            40.426759832562475,
            -3.682626338800291
        ],
        [
            40.42522177410965,
            -3.694980246668888
        ],
        [
            40.40729711148597,
            -3.7081284337731057
        ],
        [
            40.4266613880122,
            -3.6952981900324837
        ],
        [
            40.42100790267243,
            -3.725928971343718
        ],
        [
            40.41945964227035,
            -3.7181943594374793
        ],
        [
            40.424610585873005,
            -3.676635857291424
        ],
        [
            40.44224873088501,
            -3.7041494857988195
        ],
        [
            40.36710409837485,
            -3.7072230011514367
        ],
        [
            40.44052620392729,
            -3.7169772630716076
        ],
        [
            40.40344737825753,
            -3.6926985982972518
        ],
        [
            40.36817432957897,
            -3.7272814871607682
        ],
        [
            40.38252154992325,
            -3.6882084949620335
        ],
        [
            40.398892269681106,
            -3.6962701573674774
        ],
        [
            40.399333740612235,
